player,total_runs,balls_faced,fours,sixes,innings_played,strike_rate,dot_ball_pct,dismissals,batting_average,runs_conceded,balls_bowled,bowling_innings,wickets_taken,economy_rate,bowling_strike_rate,all_rounder_score,cluster,cluster_label
A Ashish Reddy,280,196,16,15,23,142.85714285714286,31.12244897959184,15,18.666666666666668,400.0,270.0,20.0,19.0,8.88888888888889,14.210526315789474,19.62,1,Key Bowler
A Badoni,634,505,46,24,35,125.54455445544556,36.23762376237624,26,24.384615384615383,0.0,0.0,0.0,0.0,0.0,0.0,18.49,1,Key Bowler
A Chopra,53,75,7,0,6,70.66666666666667,60.0,6,8.833333333333334,0.0,0.0,0.0,0.0,0.0,0.0,3.15,1,Key Bowler
A Flintoff,62,57,5,2,3,108.7719298245614,42.10526315789473,2,31.0,106.0,66.0,3.0,2.0,9.636363636363637,33.0,20.8,1,Key Bowler
A Manohar,231,181,21,10,15,127.6243093922652,38.12154696132597,14,16.5,0.0,0.0,0.0,0.0,0.0,0.0,12.48,1,Key Bowler
A Mishra,381,440,31,5,55,86.5909090909091,45.22727272727273,32,11.90625,4193.0,3444.0,162.0,183.0,7.304878048780488,18.81967213114754,48.06,1,Key Bowler
A Nehra,41,63,3,1,17,65.07936507936508,58.730158730158735,7,5.857142857142857,2537.0,1974.0,88.0,121.0,7.711246200607903,16.31404958677686,28.15,1,Key Bowler
A Nortje,49,51,6,0,13,96.07843137254902,49.01960784313725,6,8.166666666666666,1614.0,1097.0,46.0,62.0,8.82771194165907,17.693548387096776,16.03,1,Key Bowler
A Raghuvanshi,163,109,16,8,7,149.54128440366972,34.86238532110092,7,23.285714285714285,0.0,0.0,0.0,0.0,0.0,0.0,21.14,1,Key Bowler
A Symonds,974,781,74,41,36,124.71190781049935,39.436619718309856,27,36.07407407407408,694.0,540.0,30.0,23.0,7.711111111111111,23.47826086956522,32.58,1,Key Bowler
AA Bilakhia,69,88,5,0,7,78.4090909090909,48.86363636363637,5,13.8,0.0,0.0,0.0,0.0,0.0,0.0,6.03,1,Key Bowler
AA Jhunjhunwala,217,218,19,5,15,99.54128440366972,44.95412844036697,13,16.692307692307693,130.0,88.0,10.0,1.0,8.863636363636363,88.0,9.87,1,Key Bowler
AB Agarkar,179,160,13,5,18,111.875,37.5,10,17.9,1174.0,820.0,42.0,33.0,8.590243902439026,24.848484848484848,18.32,1,Key Bowler
AB McDonald,123,103,9,4,9,119.41747572815532,36.89320388349515,5,24.6,263.0,188.0,10.0,14.0,8.393617021276595,13.428571428571429,20.53,1,Key Bowler
AB de Villiers,5181,3487,414,253,170,148.58044164037855,31.975910524806423,130,39.85384615384616,0.0,0.0,0.0,0.0,0.0,0.0,36.5,0,Elite All-Rounder
AC Blizzard,120,91,21,2,7,131.86813186813183,52.74725274725275,7,17.142857142857142,0.0,0.0,0.0,0.0,0.0,0.0,13.45,1,Key Bowler
AC Gilchrist,2069,1555,239,92,80,133.05466237942122,47.39549839228296,76,27.223684210526315,0.0,0.0,0.0,0.0,0.0,0.0,22.02,0,Elite All-Rounder
AC Voges,181,143,15,3,7,126.5734265734266,30.76923076923077,4,45.25,0.0,0.0,0.0,0.0,0.0,0.0,35.28,1,Key Bowler
AD Hales,148,119,13,6,6,124.36974789915966,40.33613445378151,6,24.666666666666668,0.0,0.0,0.0,0.0,0.0,0.0,18.53,1,Key Bowler
AD Mascarenhas,79,79,5,1,11,100.0,36.70886075949368,9,8.777777777777779,365.0,310.0,13.0,19.0,7.064516129032258,16.31578947368421,9.29,1,Key Bowler
AD Mathews,724,599,44,29,41,120.86811352253756,34.5575959933222,31,23.35483870967742,1095.0,807.0,44.0,28.0,8.141263940520446,28.821428571428573,22.81,1,Key Bowler
AD Nath,90,99,7,2,10,90.9090909090909,45.45454545454545,10,9.0,0.0,0.0,0.0,0.0,0.0,0.0,4.37,1,Key Bowler
AD Russell,2488,1515,171,209,104,164.22442244224422,42.57425742574257,86,28.930232558139537,2691.0,1771.0,112.0,125.0,9.116883116883116,14.168,52.3,0,Elite All-Rounder
AG Paunikar,49,61,9,0,5,80.32786885245902,67.21311475409836,5,9.8,0.0,0.0,0.0,0.0,0.0,0.0,4.18,1,Key Bowler
AJ Finch,2092,1696,214,78,90,123.34905660377358,44.1627358490566,84,24.904761904761905,0.0,0.0,0.0,0.0,0.0,0.0,18.56,0,Elite All-Rounder
AJ Tye,91,79,6,5,13,115.18987341772151,49.36708860759494,9,10.11111111111111,1005.0,714.0,30.0,48.0,8.445378151260504,14.875,16.16,1,Key Bowler
AK Markram,995,787,73,35,42,126.4294790343075,30.62261753494282,33,30.151515151515152,173.0,123.0,14.0,2.0,8.439024390243903,61.5,23.62,1,Key Bowler
AL Menaria,401,367,24,18,23,109.26430517711172,41.41689373297003,21,19.09523809523809,144.0,113.0,12.0,3.0,7.646017699115045,37.66666666666666,13.02,1,Key Bowler
AM Nayar,672,588,55,20,50,114.28571428571428,39.795918367346935,38,17.68421052631579,323.0,239.0,19.0,9.0,8.10878661087866,26.55555555555556,13.82,1,Key Bowler
AM Rahane,4642,3858,479,103,171,120.32141005702437,37.92120269569725,154,30.142857142857142,0.0,0.0,0.0,0.0,0.0,0.0,22.05,0,Elite All-Rounder
AP Majumdar,87,77,7,2,4,112.987012987013,36.36363636363637,4,21.75,0.0,0.0,0.0,0.0,0.0,0.0,14.69,1,Key Bowler
AP Tare,339,285,40,11,27,118.94736842105264,49.82456140350877,24,14.125,0.0,0.0,0.0,0.0,0.0,0.0,9.8,1,Key Bowler
AR Patel,1653,1318,107,79,112,125.41729893778452,35.66009104704097,77,21.467532467532468,3824.0,3152.0,148.0,131.0,7.279187817258883,24.06106870229008,46.59,0,Elite All-Rounder
AS Raut,194,172,13,7,16,112.7906976744186,38.95348837209303,9,21.55555555555556,0.0,0.0,0.0,0.0,0.0,0.0,14.53,1,Key Bowler
AT Rayudu,4348,3490,359,173,185,124.58452722063038,36.50429799426934,155,28.05161290322581,0.0,0.0,0.0,0.0,0.0,0.0,21.22,0,Elite All-Rounder
Abdul Samad,579,408,37,36,39,141.91176470588235,36.51960784313725,31,18.677419354838708,0.0,0.0,0.0,0.0,0.0,0.0,15.91,1,Key Bowler
Abhishek Sharma,1377,925,128,73,61,148.86486486486484,38.48648648648648,54,25.5,396.0,278.0,26.0,11.0,8.546762589928058,25.272727272727277,25.29,1,Key Bowler
Abishek Porel,360,244,37,15,16,147.54098360655738,36.885245901639344,14,25.714285714285715,0.0,0.0,0.0,0.0,0.0,0.0,23.1,1,Key Bowler
Aman Hakim Khan,115,109,8,6,10,105.50458715596328,50.45871559633027,9,12.77777777777778,0.0,0.0,0.0,0.0,0.0,0.0,7.71,1,Key Bowler
Anirudh Singh,63,69,6,1,4,91.30434782608695,49.275362318840585,4,15.75,0.0,0.0,0.0,0.0,0.0,0.0,8.27,1,Key Bowler
Ankit Sharma,87,69,7,4,10,126.08695652173914,42.028985507246375,7,12.428571428571429,453.0,375.0,21.0,12.0,7.248,31.25,11.89,1,Key Bowler
Anmolpreet Singh,139,117,19,3,9,118.8034188034188,47.008547008547005,9,15.444444444444445,0.0,0.0,0.0,0.0,0.0,0.0,10.77,1,Key Bowler
Anuj Rawat,318,276,26,14,21,115.21739130434784,44.56521739130434,16,19.875,0.0,0.0,0.0,0.0,0.0,0.0,13.64,1,Key Bowler
Arshad Khan,96,67,5,6,6,143.28358208955223,35.82089552238806,3,32.0,282.0,153.0,9.0,6.0,11.058823529411764,25.5,29.0,1,Key Bowler
Ashutosh Sharma,189,118,10,15,9,160.16949152542372,36.440677966101696,7,27.0,0.0,0.0,0.0,0.0,0.0,0.0,26.44,1,Key Bowler
Atharva Taide,247,177,27,8,9,139.54802259887003,37.85310734463277,9,27.444444444444443,0.0,0.0,0.0,0.0,0.0,0.0,23.33,1,Key Bowler
Azhar Mahmood,388,311,39,13,21,124.7588424437299,39.87138263665595,19,20.42105263157895,707.0,552.0,23.0,31.0,7.684782608695652,17.806451612903224,22.08,1,Key Bowler
B Akhil,76,57,5,5,11,133.33333333333331,45.614035087719294,6,12.666666666666666,246.0,193.0,13.0,7.0,7.647668393782384,27.571428571428573,11.4,1,Key Bowler
B Chipli,280,256,28,7,21,109.375,42.96875,15,18.666666666666668,0.0,0.0,0.0,0.0,0.0,0.0,12.07,1,Key Bowler
B Kumar,306,338,30,3,65,90.53254437869822,47.0414201183432,35,8.742857142857142,5051.0,4060.0,176.0,195.0,7.464532019704434,20.82051282051282,48.36,1,Key Bowler
B Lee,124,102,8,8,19,121.5686274509804,45.09803921568628,10,12.4,1126.0,916.0,38.0,30.0,7.375545851528384,30.53333333333333,15.59,1,Key Bowler
B Sai Sudharsan,1034,770,95,32,25,134.28571428571428,31.68831168831169,22,47.0,0.0,0.0,0.0,0.0,0.0,0.0,38.95,1,Key Bowler
BA Stokes,935,718,81,32,43,130.22284122562675,35.23676880222841,38,24.605263157894736,1023.0,723.0,38.0,31.0,8.489626556016598,23.32258064516129,25.56,1,Key Bowler
BB McCullum,2882,2272,293,130,109,126.84859154929578,45.24647887323944,104,27.71153846153846,0.0,0.0,0.0,0.0,0.0,0.0,21.35,0,Elite All-Rounder
BB Samantray,125,116,13,2,8,107.7586206896552,41.37931034482759,5,25.0,0.0,0.0,0.0,0.0,0.0,0.0,16.18,1,Key Bowler
BCJ Cutting,238,146,15,19,17,163.013698630137,39.72602739726028,11,21.63636363636364,430.0,288.0,17.0,12.0,8.958333333333334,24.0,23.69,1,Key Bowler
BJ Hodge,1400,1153,122,43,63,121.42237640936686,38.074588031222895,42,33.333333333333336,310.0,238.0,20.0,18.0,7.815126050420169,13.22222222222222,28.59,1,Key Bowler
BJ Rohrer,193,146,21,5,8,132.1917808219178,39.04109589041096,7,27.571428571428573,0.0,0.0,0.0,0.0,0.0,0.0,22.17,1,Key Bowler
Bipul Sharma,187,124,11,9,17,150.80645161290323,27.41935483870968,8,23.375,581.0,436.0,28.0,22.0,7.995412844036696,19.818181818181817,26.06,1,Key Bowler
C Green,707,472,62,32,28,149.78813559322032,30.508474576271187,17,41.588235294117645,675.0,462.0,29.0,20.0,8.766233766233766,23.1,42.29,1,Key Bowler
C Munro,177,144,19,8,11,122.91666666666669,47.22222222222222,12,14.75,0.0,0.0,0.0,0.0,0.0,0.0,10.64,1,Key Bowler
C de Grandhomme,303,229,18,18,21,132.31441048034935,37.55458515283843,16,18.9375,323.0,230.0,19.0,7.0,8.426086956521738,32.857142857142854,16.4,1,Key Bowler
CA Ingram,205,183,22,5,15,112.02185792349728,42.62295081967213,12,17.083333333333332,0.0,0.0,0.0,0.0,0.0,0.0,11.27,1,Key Bowler
CA Lynn,1329,974,132,66,42,136.4476386036961,42.71047227926078,39,34.07692307692308,0.0,0.0,0.0,0.0,0.0,0.0,28.49,1,Key Bowler
CA Pujara,390,403,50,4,22,96.7741935483871,49.62779156327544,19,20.526315789473685,0.0,0.0,0.0,0.0,0.0,0.0,11.73,1,Key Bowler
CH Gayle,4997,3516,408,359,141,142.1217292377702,46.53014789533561,126,39.65873015873016,755.0,584.0,38.0,19.0,7.756849315068494,30.73684210526316,38.84,0,Elite All-Rounder
CH Morris,618,413,41,35,49,149.636803874092,32.445520581113804,28,22.071428571428573,2377.0,1801.0,81.0,107.0,7.91893392559689,16.83177570093458,42.85,1,Key Bowler
CJ Anderson,538,436,40,31,29,123.39449541284404,45.87155963302752,22,24.454545454545453,525.0,315.0,22.0,14.0,10.0,22.5,20.58,1,Key Bowler
CJ Ferguson,98,119,9,0,8,82.35294117647058,48.739495798319325,6,16.333333333333332,0.0,0.0,0.0,0.0,0.0,0.0,7.69,1,Key Bowler
CJ Jordan,81,81,3,3,12,100.0,46.913580246913575,10,8.1,1111.0,717.0,34.0,36.0,9.297071129707112,19.916666666666668,10.87,1,Key Bowler
CL White,971,774,76,38,45,125.45219638242897,35.400516795865634,36,26.97222222222222,0.0,0.0,0.0,0.0,0.0,0.0,20.52,1,Key Bowler
CM Gautam,169,158,17,6,13,106.9620253164557,53.16455696202531,10,16.9,0.0,0.0,0.0,0.0,0.0,0.0,10.6,1,Key Bowler
CR Brathwaite,181,120,10,16,14,150.83333333333334,44.16666666666666,13,13.923076923076923,384.0,266.0,16.0,16.0,8.661654135338345,16.625,15.56,1,Key Bowler
CR Woakes,78,77,7,2,12,101.29870129870127,42.85714285714285,6,13.0,674.0,463.0,21.0,31.0,8.734341252699783,14.935483870967742,13.51,1,Key Bowler
D Brevis,230,176,17,16,10,130.6818181818182,47.159090909090914,10,23.0,0.0,0.0,0.0,0.0,0.0,0.0,18.14,1,Key Bowler
D Padikkal,1559,1323,170,42,64,117.83824640967498,42.63038548752834,62,25.14516129032258,0.0,0.0,0.0,0.0,0.0,0.0,17.87,1,Key Bowler
D Wiese,148,105,12,7,11,140.95238095238096,32.38095238095238,5,29.6,447.0,307.0,15.0,17.0,8.736156351791532,18.058823529411764,28.77,1,Key Bowler
DA Miller,2924,2171,207,134,123,134.68447719944726,33.440810686319665,82,35.65853658536585,0.0,0.0,0.0,0.0,0.0,0.0,29.45,0,Elite All-Rounder
DA Warner,6567,4849,663,236,184,135.4299855640338,38.62652093215096,164,40.04268292682927,0.0,0.0,0.0,0.0,0.0,0.0,33.36,0,Elite All-Rounder
DB Das,304,267,23,16,22,113.85767790262172,46.441947565543074,14,21.714285714285715,0.0,0.0,0.0,0.0,0.0,0.0,14.79,1,Key Bowler
DB Ravi Teja,375,325,35,9,25,115.38461538461536,38.15384615384615,19,19.73684210526316,0.0,0.0,0.0,0.0,0.0,0.0,13.56,1,Key Bowler
DH Yagnik,170,142,23,2,17,119.71830985915491,43.66197183098591,10,17.0,0.0,0.0,0.0,0.0,0.0,0.0,12.03,1,Key Bowler
DJ Bravo,1560,1247,120,66,110,125.10024057738572,39.93584603047314,69,22.608695652173918,4436.0,3296.0,158.0,207.0,8.075242718446601,15.92270531400966,60.36,0,Elite All-Rounder
DJ Harris,111,103,11,5,4,107.76699029126212,50.48543689320388,4,27.75,0.0,0.0,0.0,0.0,0.0,0.0,18.05,1,Key Bowler
DJ Hooda,1466,1170,96,61,96,125.2991452991453,34.35897435897436,80,18.325,535.0,384.0,33.0,10.0,8.359375,38.4,15.7,1,Key Bowler
DJ Hussey,1322,1101,90,60,61,120.07266121707538,38.60127157129882,49,26.97959183673469,485.0,323.0,26.0,10.0,9.009287925696594,32.3,21.49,1,Key Bowler
DJ Jacobs,92,101,10,4,7,91.0891089108911,61.38613861386138,7,13.142857142857142,0.0,0.0,0.0,0.0,0.0,0.0,6.76,1,Key Bowler
DJ Mitchell,351,274,28,10,15,128.1021897810219,29.92700729927008,13,27.0,0.0,0.0,0.0,0.0,0.0,0.0,20.99,1,Key Bowler
DJ Thornely,39,54,2,2,4,72.22222222222221,57.407407407407405,3,13.0,0.0,0.0,0.0,0.0,0.0,0.0,5.13,1,Key Bowler
DJ Willey,53,64,7,0,5,82.8125,56.25,2,26.5,277.0,221.0,11.0,7.0,7.520361990950226,31.571428571428573,14.61,1,Key Bowler
DJG Sammy,295,251,15,18,20,117.52988047808766,43.02788844621514,15,19.666666666666668,354.0,244.0,19.0,14.0,8.704918032786885,17.428571428571427,16.49,1,Key Bowler
DJM Short,115,102,11,5,7,112.74509803921568,47.05882352941176,7,16.428571428571427,0.0,0.0,0.0,0.0,0.0,0.0,10.88,1,Key Bowler
DL Chahar,80,61,2,6,12,131.14754098360655,39.34426229508197,7,11.428571428571429,2243.0,1746.0,81.0,79.0,7.707903780068729,22.10126582278481,25.98,1,Key Bowler
DL Vettori,121,118,11,2,16,102.54237288135592,38.983050847457626,8,15.125,894.0,785.0,34.0,34.0,6.83312101910828,23.08823529411765,17.4,1,Key Bowler
DP Conway,924,669,100,30,22,138.11659192825113,35.42600896860987,19,48.63157894736842,0.0,0.0,0.0,0.0,0.0,0.0,41.5,1,Key Bowler
DPMD Jayawardene,1808,1522,200,40,78,118.7910643889619,40.67017082785808,64,28.25,0.0,0.0,0.0,0.0,0.0,0.0,20.35,1,Key Bowler
DR Smith,2385,1803,245,117,88,132.27953410981698,46.1453133666112,84,28.392857142857142,825.0,557.0,46.0,27.0,8.88689407540395,20.62962962962963,28.0,0,Elite All-Rounder
DS Kulkarni,104,113,7,2,20,92.03539823008848,44.24778761061947,9,11.555555555555555,2513.0,1876.0,92.0,91.0,8.03731343283582,20.615384615384617,25.06,1,Key Bowler
DT Christian,460,408,23,19,41,112.74509803921568,35.53921568627451,31,14.838709677419354,1218.0,922.0,49.0,40.0,7.926247288503254,23.05,18.28,1,Key Bowler
DW Steyn,167,163,14,3,33,102.45398773006136,44.171779141104295,22,7.590909090909091,2583.0,2282.0,95.0,105.0,6.791411042944786,21.73333333333333,30.25,1,Key Bowler
Dhruv Jurel,347,237,29,16,22,146.41350210970467,31.223628691983123,15,23.133333333333333,0.0,0.0,0.0,0.0,0.0,0.0,20.54,1,Key Bowler
E Lewis,654,499,62,36,26,131.062124248497,46.89378757515031,24,27.25,0.0,0.0,0.0,0.0,0.0,0.0,21.7,1,Key Bowler
EJG Morgan,1406,1181,112,64,74,119.05165114309906,43.35309060118544,62,22.677419354838708,0.0,0.0,0.0,0.0,0.0,0.0,16.22,1,Key Bowler
F du Plessis,4571,3435,422,166,138,133.07132459970887,35.48762736535662,127,35.99212598425197,0.0,0.0,0.0,0.0,0.0,0.0,29.37,0,Elite All-Rounder
FY Fazal,183,179,22,1,11,102.23463687150836,41.34078212290503,10,18.3,0.0,0.0,0.0,0.0,0.0,0.0,11.0,1,Key Bowler
G Gambhir,4217,3524,492,59,151,119.66515323496029,38.50737797956867,136,31.00735294117647,0.0,0.0,0.0,0.0,0.0,0.0,22.58,0,Elite All-Rounder
GC Smith,739,691,94,9,29,106.9464544138929,46.30969609261939,26,28.423076923076923,0.0,0.0,0.0,0.0,0.0,0.0,18.36,1,Key Bowler
GD Phillips,65,55,3,6,8,118.1818181818182,58.18181818181818,7,9.285714285714286,0.0,0.0,0.0,0.0,0.0,0.0,6.13,1,Key Bowler
GH Vihari,284,331,23,1,23,85.80060422960725,44.10876132930513,20,14.2,0.0,0.0,0.0,0.0,0.0,0.0,6.89,1,Key Bowler
GJ Bailey,663,552,59,19,36,120.1086956521739,37.5,27,24.55555555555556,0.0,0.0,0.0,0.0,0.0,0.0,17.79,1,Key Bowler
GJ Maxwell,2772,1842,233,160,128,150.4885993485342,38.21932681867536,112,24.75,1311.0,965.0,79.0,41.0,8.151295336787564,23.536585365853657,31.17,0,Elite All-Rounder
Gurkeerat Singh,511,436,55,11,32,117.20183486238533,38.99082568807339,24,21.291666666666668,97.0,82.0,6.0,5.0,7.097560975609756,16.4,16.12,1,Key Bowler
H Klaasen,993,613,56,64,32,161.99021207177816,27.24306688417618,26,38.19230769230769,0.0,0.0,0.0,0.0,0.0,0.0,38.17,1,Key Bowler
HC Brook,190,159,23,4,11,119.49685534591194,44.0251572327044,9,21.11111111111111,0.0,0.0,0.0,0.0,0.0,0.0,15.1,1,Key Bowler
HH Gibbs,886,837,83,31,36,105.8542413381123,48.98446833930705,32,27.6875,0.0,0.0,0.0,0.0,0.0,0.0,17.67,1,Key Bowler
HH Pandya,2534,1814,189,137,128,139.69128996692393,36.16317530319736,89,28.471910112359552,2196.0,1485.0,93.0,70.0,8.872727272727273,21.214285714285715,37.59,0,Elite All-Rounder
HM Amla,577,418,60,21,16,138.03827751196172,35.88516746411483,13,44.38461538461539,0.0,0.0,0.0,0.0,0.0,0.0,37.79,1,Key Bowler
HR Shokeen,66,67,9,0,5,98.50746268656717,49.25373134328358,3,22.0,320.0,213.0,13.0,5.0,9.014084507042254,42.6,13.8,1,Key Bowler
HV Patel,249,214,16,15,37,116.35514018691588,46.26168224299065,27,9.22222222222222,3215.0,2284.0,103.0,151.0,8.44570928196147,15.125827814569536,36.2,1,Key Bowler
Harbhajan Singh,833,636,79,42,88,130.9748427672956,44.81132075471698,55,15.145454545454545,4101.0,3496.0,160.0,161.0,7.0383295194508015,21.714285714285715,50.37,1,Key Bowler
Harpreet Brar,233,201,19,9,24,115.92039800995023,42.28855721393035,11,21.181818181818183,907.0,692.0,39.0,25.0,7.864161849710983,27.68,20.05,1,Key Bowler
Harpreet Singh,123,119,10,3,8,103.36134453781514,41.17647058823529,7,17.571428571428573,0.0,0.0,0.0,0.0,0.0,0.0,10.66,1,Key Bowler
I Sharma,57,71,4,2,21,80.28169014084507,54.929577464788736,6,9.5,3255.0,2429.0,110.0,96.0,8.04034582132565,25.30208333333333,24.21,1,Key Bowler
IK Pathan,1150,985,88,38,82,116.751269035533,37.86802030456853,53,21.69811320754717,2711.0,2113.0,101.0,99.0,7.698059630856601,21.343434343434343,36.91,1,Key Bowler
IR Jaggi,76,100,6,0,7,76.0,51.0,5,15.2,0.0,0.0,0.0,0.0,0.0,0.0,6.49,1,Key Bowler
Iqbal Abdulla,88,86,9,1,13,102.32558139534883,41.86046511627907,2,44.0,1125.0,943.0,48.0,45.0,7.158006362672323,20.95555555555556,38.19,1,Key Bowler
Ishan Kishan,2644,1991,255,119,99,132.79758915118032,40.38171772978403,93,28.43010752688172,0.0,0.0,0.0,0.0,0.0,0.0,22.99,0,Elite All-Rounder
J Botha,409,364,39,5,28,112.36263736263736,37.91208791208791,20,20.45,818.0,709.0,34.0,27.0,6.922425952045134,26.25925925925926,20.28,1,Key Bowler
J Fraser-McGurk,330,150,32,28,9,220.00000000000003,40.66666666666666,9,36.66666666666666,0.0,0.0,0.0,0.0,0.0,0.0,50.0,1,Key Bowler
J Suchith,70,62,6,3,9,112.90322580645164,48.38709677419355,4,17.5,604.0,434.0,21.0,20.0,8.350230414746544,21.7,15.71,1,Key Bowler
JA Morkel,975,712,61,55,67,136.938202247191,35.39325842696629,40,24.375,2409.0,1807.0,87.0,96.0,7.998893193137797,18.822916666666668,40.52,1,Key Bowler
JC Archer,199,132,11,14,23,150.75757575757575,35.60606060606061,13,15.307692307692308,1210.0,987.0,40.0,49.0,7.355623100303951,20.142857142857142,25.01,1,Key Bowler
JC Buttler,3583,2519,356,161,106,142.23898372369987,39.77768955934895,95,37.71578947368421,0.0,0.0,0.0,0.0,0.0,0.0,32.99,0,Elite All-Rounder
JD Ryder,604,466,69,19,29,129.6137339055794,42.91845493562232,28,21.571428571428573,314.0,241.0,16.0,11.0,7.817427385892117,21.90909090909091,19.2,1,Key Bowler
JD Unadkat,197,170,16,7,27,115.88235294117648,41.17647058823529,16,12.3125,3219.0,2194.0,104.0,109.0,8.803099361896079,20.12844036697248,29.13,1,Key Bowler
JDP Oram,106,110,6,5,11,96.36363636363636,45.45454545454545,8,13.25,362.0,244.0,14.0,13.0,8.901639344262296,18.76923076923077,9.73,1,Key Bowler
JDS Neesham,92,93,6,2,10,98.9247311827957,43.01075268817204,9,10.22222222222222,342.0,222.0,13.0,8.0,9.243243243243244,27.75,7.05,1,Key Bowler
JEC Franklin,327,309,25,9,16,105.8252427184466,40.1294498381877,11,29.727272727272727,225.0,155.0,15.0,9.0,8.70967741935484,17.22222222222222,20.77,1,Key Bowler
JH Kallis,2427,2291,255,44,95,105.93627237014404,42.8633784373636,85,28.55294117647059,2348.0,1799.0,89.0,74.0,7.831017231795442,24.31081081081081,34.24,0,Elite All-Rounder
JJ Bumrah,68,80,5,1,26,85.0,46.25,7,9.714285714285714,3840.0,3185.0,133.0,182.0,7.233908948194662,17.5,46.95,1,Key Bowler
JJ Roy,614,460,75,21,21,133.47826086956522,42.82608695652174,19,32.31578947368421,0.0,0.0,0.0,0.0,0.0,0.0,26.37,1,Key Bowler
JM Bairstow,1589,1132,166,69,50,140.37102473498234,40.812720848056536,46,34.54347826086956,0.0,0.0,0.0,0.0,0.0,0.0,29.75,0,Elite All-Rounder
JM Sharma,730,501,53,45,36,145.70858283433134,38.32335329341318,32,22.8125,0.0,0.0,0.0,0.0,0.0,0.0,20.15,1,Key Bowler
JO Holder,259,217,13,18,27,119.35483870967742,45.16129032258064,21,12.333333333333334,1489.0,1049.0,46.0,59.0,8.516682554814109,17.779661016949152,20.2,1,Key Bowler
JP Duminy,2029,1680,126,79,75,120.77380952380952,33.45238095238095,51,39.78431372549019,847.0,701.0,49.0,23.0,7.249643366619116,30.47826086956522,34.83,0,Elite All-Rounder
JP Faulkner,527,406,36,23,45,129.80295566502463,35.714285714285715,26,20.26923076923077,1849.0,1287.0,60.0,76.0,8.62004662004662,16.93421052631579,30.69,1,Key Bowler
JR Hopes,417,314,49,11,19,132.80254777070064,38.21656050955414,16,26.0625,562.0,369.0,20.0,14.0,9.138211382113822,26.357142857142858,23.6,1,Key Bowler
JR Philippe,78,80,9,1,5,97.5,47.5,4,19.5,0.0,0.0,0.0,0.0,0.0,0.0,11.19,1,Key Bowler
K Goel,218,239,17,9,16,91.21338912133892,54.39330543933054,15,14.533333333333331,94.0,67.0,6.0,0.0,8.417910447761194,0.0,7.57,1,Key Bowler
K Gowtham,247,159,15,17,27,155.34591194968556,38.9937106918239,18,13.72222222222222,825.0,599.0,35.0,22.0,8.263772954924875,27.227272727272727,17.14,1,Key Bowler
K Rabada,206,207,16,8,28,99.51690821256038,48.792270531400966,17,12.117647058823527,2652.0,1907.0,80.0,126.0,8.34399580492921,15.134920634920634,32.34,1,Key Bowler
KA Jamieson,65,55,5,3,7,118.1818181818182,45.45454545454545,4,16.25,271.0,179.0,9.0,9.0,9.083798882681563,19.88888888888889,12.99,1,Key Bowler
KA Pollard,3437,2447,221,224,168,140.45770331017573,39.51777686963629,121,28.40495867768595,2200.0,1586.0,107.0,81.0,8.32282471626734,19.580246913580247,40.79,0,Elite All-Rounder
KB Arun Karthik,51,53,4,1,8,96.22641509433964,45.28301886792453,5,10.2,0.0,0.0,0.0,0.0,0.0,0.0,5.4,1,Key Bowler
KC Sangakkara,1687,1424,195,27,68,118.4691011235955,38.764044943820224,65,25.953846153846158,0.0,0.0,0.0,0.0,0.0,0.0,18.58,1,Key Bowler
KD Karthik,4843,3687,466,161,233,131.35340385136968,36.04556550040684,184,26.320652173913043,0.0,0.0,0.0,0.0,0.0,0.0,20.99,0,Elite All-Rounder
KH Pandya,1647,1287,144,61,107,127.97202797202796,38.92773892773892,75,21.96,2644.0,2183.0,117.0,80.0,7.267063673843335,27.2875,35.52,0,Elite All-Rounder
KK Cooper,116,70,9,8,12,165.71428571428572,41.42857142857143,9,12.88888888888889,789.0,600.0,25.0,36.0,7.89,16.666666666666668,20.38,1,Key Bowler
KK Nair,1496,1192,161,39,68,125.503355704698,39.42953020134228,63,23.746031746031747,0.0,0.0,0.0,0.0,0.0,0.0,17.98,1,Key Bowler
KL Rahul,4689,3578,400,187,122,131.05086640581328,35.718278367803244,105,44.65714285714286,0.0,0.0,0.0,0.0,0.0,0.0,36.06,0,Elite All-Rounder
KM Jadhav,1208,1012,102,40,81,119.36758893280631,37.05533596837945,54,22.37037037037037,0.0,0.0,0.0,0.0,0.0,0.0,16.03,1,Key Bowler
KP Pietersen,1001,758,91,40,36,132.05804749340368,38.25857519788919,28,35.75,218.0,180.0,13.0,9.0,7.266666666666667,20.0,31.03,1,Key Bowler
KR Mayers,379,276,38,22,13,137.31884057971016,51.08695652173913,13,29.153846153846157,0.0,0.0,0.0,0.0,0.0,0.0,24.42,1,Key Bowler
KS Bharat,199,168,12,8,8,118.45238095238096,36.90476190476191,7,28.428571428571427,0.0,0.0,0.0,0.0,0.0,0.0,20.42,1,Key Bowler
KS Williamson,2132,1734,187,64,76,122.95271049596307,35.870818915801614,60,35.53333333333333,0.0,0.0,0.0,0.0,0.0,0.0,26.72,0,Elite All-Rounder
KV Sharma,351,306,20,17,39,114.70588235294116,40.849673202614376,26,13.5,2130.0,1520.0,82.0,82.0,8.407894736842104,18.536585365853657,25.46,1,Key Bowler
Kamran Akmal,128,78,13,8,6,164.1025641025641,42.30769230769231,5,25.6,0.0,0.0,0.0,0.0,0.0,0.0,25.67,1,Key Bowler
Kuldeep Yadav,183,224,16,3,32,81.69642857142857,51.78571428571429,12,15.25,2413.0,1786.0,82.0,90.0,8.106382978723405,19.844444444444445,25.83,1,Key Bowler
LA Carseldine,81,71,11,0,5,114.08450704225352,43.66197183098591,4,20.25,0.0,0.0,0.0,0.0,0.0,0.0,13.76,1,Key Bowler
LA Pomersbach,302,251,25,13,16,120.3187250996016,43.42629482071713,11,27.454545454545453,0.0,0.0,0.0,0.0,0.0,0.0,20.02,1,Key Bowler
LJ Wright,106,63,16,3,5,168.25396825396825,34.92063492063492,5,21.2,125.0,75.0,6.0,2.0,10.0,37.5,22.01,1,Key Bowler
LMP Simmons,1079,878,109,44,29,122.89293849658314,45.78587699316628,27,39.96296296296296,0.0,0.0,0.0,0.0,0.0,0.0,30.14,1,Key Bowler
LR Shukla,405,358,33,16,33,113.12849162011172,42.45810055865922,27,15.0,458.0,326.0,27.0,17.0,8.429447852760736,19.176470588235293,13.31,1,Key Bowler
LRPL Taylor,1017,847,66,46,54,120.07083825265644,39.43329397874852,40,25.425,0.0,0.0,0.0,0.0,0.0,0.0,18.44,1,Key Bowler
LS Livingstone,939,609,66,66,39,154.1871921182266,36.94581280788177,33,28.454545454545453,395.0,267.0,22.0,11.0,8.876404494382022,24.272727272727277,28.93,1,Key Bowler
Lalit Yadav,305,301,27,7,21,101.32890365448506,42.85714285714285,16,19.0625,430.0,294.0,19.0,11.0,8.775510204081632,26.727272727272727,13.5,1,Key Bowler
M Jansen,66,71,5,2,12,92.95774647887325,47.88732394366197,7,9.428571428571429,732.0,487.0,21.0,22.0,9.018480492813142,22.13636363636364,8.86,1,Key Bowler
M Kaif,259,258,22,6,22,100.3875968992248,46.51162790697674,18,14.38888888888889,0.0,0.0,0.0,0.0,0.0,0.0,8.32,1,Key Bowler
M Kartik,113,109,7,1,14,103.6697247706422,29.357798165137616,7,16.142857142857142,1418.0,1182.0,55.0,39.0,7.197969543147208,30.307692307692307,18.92,1,Key Bowler
M Klinger,73,78,9,0,4,93.5897435897436,46.15384615384615,4,18.25,0.0,0.0,0.0,0.0,0.0,0.0,9.97,1,Key Bowler
M Manhas,514,486,43,10,38,105.76131687242798,40.53497942386832,23,22.347826086956523,0.0,0.0,0.0,0.0,0.0,0.0,14.1,1,Key Bowler
M Morkel,126,93,11,5,20,135.48387096774192,37.634408602150536,11,11.454545454545457,2136.0,1699.0,70.0,88.0,7.543260741612713,19.306818181818183,28.71,1,Key Bowler
M Rawat,55,70,4,1,11,78.57142857142857,48.57142857142857,5,11.0,0.0,0.0,0.0,0.0,0.0,0.0,4.66,1,Key Bowler
M Shahrukh Khan,553,413,35,37,37,133.89830508474577,41.16222760290557,28,19.75,0.0,0.0,0.0,0.0,0.0,0.0,15.87,1,Key Bowler
M Vijay,2619,2208,247,91,105,118.61413043478262,44.70108695652174,101,25.93069306930693,0.0,0.0,0.0,0.0,0.0,0.0,18.58,0,Elite All-Rounder
M Vohra,1083,863,104,43,51,125.49246813441484,45.538818076477405,49,22.10204081632653,0.0,0.0,0.0,0.0,0.0,0.0,16.68,1,Key Bowler
MA Agarwal,2669,2081,265,98,121,128.25564632388276,40.02883229216722,117,22.811965811965813,0.0,0.0,0.0,0.0,0.0,0.0,17.64,0,Elite All-Rounder
MA Starc,105,109,11,0,16,96.3302752293578,42.201834862385326,9,11.666666666666666,1175.0,879.0,39.0,59.0,8.020477815699659,14.898305084745765,18.73,1,Key Bowler
MC Henriques,1000,801,87,28,54,124.84394506866415,35.45568039950062,36,27.77777777777778,1302.0,979.0,60.0,46.0,7.979570990806946,21.282608695652176,30.8,1,Key Bowler
MC Juneja,125,134,11,1,7,93.28358208955224,40.298507462686565,7,17.857142857142858,0.0,0.0,0.0,0.0,0.0,0.0,9.71,1,Key Bowler
MD Mishra,237,213,24,8,17,111.26760563380284,47.88732394366197,16,14.8125,0.0,0.0,0.0,0.0,0.0,0.0,9.6,1,Key Bowler
MEK Hussey,1977,1648,198,52,58,119.96359223300972,39.01699029126214,51,38.76470588235294,0.0,0.0,0.0,0.0,0.0,0.0,28.5,0,Elite All-Rounder
MF Maharoof,177,124,12,9,14,142.74193548387098,35.483870967741936,10,17.7,532.0,441.0,20.0,33.0,7.238095238095238,13.363636363636363,22.83,1,Key Bowler
MG Johnson,167,168,10,7,28,99.40476190476193,47.61904761904761,13,12.846153846153848,1740.0,1301.0,54.0,66.0,8.024596464258263,19.71212121212121,21.16,1,Key Bowler
MJ Clarke,98,96,12,0,6,102.08333333333331,44.79166666666667,6,16.333333333333332,72.0,66.0,5.0,3.0,6.545454545454546,22.0,10.49,1,Key Bowler
MJ Guptill,271,197,24,15,13,137.56345177664974,44.67005076142132,12,22.58333333333333,0.0,0.0,0.0,0.0,0.0,0.0,18.78,1,Key Bowler
MJ Lumb,278,198,45,6,12,140.4040404040404,48.48484848484848,12,23.166666666666668,0.0,0.0,0.0,0.0,0.0,0.0,19.7,1,Key Bowler
MJ McClenaghan,85,73,5,7,20,116.43835616438356,53.42465753424658,13,6.538461538461538,1839.0,1346.0,56.0,75.0,8.197622585438335,17.946666666666665,19.48,1,Key Bowler
MJ Santner,70,77,4,3,11,90.9090909090909,49.35064935064935,6,11.666666666666666,428.0,370.0,18.0,16.0,6.940540540540541,23.125,9.8,1,Key Bowler
MK Lomror,527,389,33,30,35,135.47557840616966,34.96143958868895,29,18.17241379310345,127.0,94.0,11.0,2.0,8.106382978723405,47.0,15.14,1,Key Bowler
MK Pandey,3859,3288,335,111,158,117.3661800486618,37.92579075425791,133,29.015037593984964,0.0,0.0,0.0,0.0,0.0,0.0,20.66,0,Elite All-Rounder
MK Tiwary,1695,1489,156,40,83,113.83478844862324,38.34788448623237,59,28.728813559322035,0.0,0.0,0.0,0.0,0.0,0.0,19.81,1,Key Bowler
ML Hayden,1107,839,121,44,32,131.94278903456495,43.74255065554231,31,35.70967741935484,0.0,0.0,0.0,0.0,0.0,0.0,28.88,1,Key Bowler
MM Ali,1162,849,95,67,57,136.86690223792698,40.753828032979975,51,22.7843137254902,900.0,770.0,52.0,40.0,7.012987012987012,19.25,28.49,1,Key Bowler
MM Sharma,124,137,9,4,28,90.51094890510949,50.36496350364964,17,7.294117647058823,3278.0,2308.0,111.0,147.0,8.52166377816291,15.700680272108844,32.54,1,Key Bowler
MN Samuels,161,174,9,7,14,92.52873563218392,49.42528735632184,13,12.384615384615383,285.0,219.0,11.0,10.0,7.808219178082192,21.9,8.6,1,Key Bowler
MN van Wyk,167,135,19,1,5,123.7037037037037,32.592592592592595,3,55.66666666666666,0.0,0.0,0.0,0.0,0.0,0.0,42.57,1,Key Bowler
MP Stoinis,1866,1366,150,91,88,136.60322108345534,36.67642752562226,66,28.272727272727277,1300.0,831.0,62.0,45.0,9.386281588447654,18.466666666666665,31.64,0,Elite All-Rounder
MR Marsh,665,532,48,38,36,125.0,42.66917293233083,34,19.558823529411764,803.0,593.0,34.0,37.0,8.1247892074199,16.027027027027028,22.31,1,Key Bowler
MS Bisla,798,737,93,23,39,108.27679782903662,50.88195386702849,38,21.0,0.0,0.0,0.0,0.0,0.0,0.0,13.54,1,Key Bowler
MS Dhoni,5243,3947,363,252,228,132.8350646060299,36.05269825183684,134,39.12686567164179,0.0,0.0,0.0,0.0,0.0,0.0,31.94,0,Elite All-Rounder
MS Gony,99,76,6,8,15,130.26315789473685,51.31578947368421,10,9.9,1317.0,925.0,44.0,39.0,8.542702702702703,23.71794871794872,15.06,1,Key Bowler
MS Wade,183,185,23,2,14,98.91891891891892,50.27027027027027,14,13.071428571428571,0.0,0.0,0.0,0.0,0.0,0.0,7.36,1,Key Bowler
MV Boucher,394,318,32,13,23,123.89937106918238,36.477987421383645,14,28.142857142857142,0.0,0.0,0.0,0.0,0.0,0.0,21.17,1,Key Bowler
MW Short,117,99,15,4,6,118.1818181818182,52.52525252525253,6,19.5,0.0,0.0,0.0,0.0,0.0,0.0,13.73,1,Key Bowler
Mandeep Singh,1706,1418,176,38,97,120.31029619181946,39.13963328631876,82,20.804878048780488,0.0,0.0,0.0,0.0,0.0,0.0,14.98,1,Key Bowler
Misbah-ul-Haq,117,82,10,6,8,142.6829268292683,37.80487804878049,7,16.714285714285715,0.0,0.0,0.0,0.0,0.0,0.0,14.23,1,Key Bowler
Mohammad Hafeez,64,84,7,2,8,76.19047619047619,60.71428571428571,7,9.142857142857142,71.0,63.0,4.0,2.0,6.761904761904762,31.5,4.11,1,Key Bowler
Mohammad Nabi,221,157,18,12,19,140.76433121019107,38.21656050955414,17,13.0,527.0,419.0,23.0,15.0,7.5465393794749405,27.933333333333334,14.1,1,Key Bowler
Mohammed Shami,74,82,6,2,23,90.2439024390244,50.0,13,5.6923076923076925,3486.0,2521.0,110.0,144.0,8.296707655692185,17.506944444444443,31.79,1,Key Bowler
Mohammed Siraj,109,122,10,4,20,89.34426229508196,55.73770491803278,10,10.9,2894.0,2081.0,93.0,96.0,8.34406535319558,21.67708333333333,24.8,1,Key Bowler
N Jagadeesan,162,155,21,2,10,104.51612903225806,47.096774193548384,9,18.0,0.0,0.0,0.0,0.0,0.0,0.0,11.07,1,Key Bowler
N Pooran,1769,1143,113,127,72,154.7681539807524,36.832895888014,57,31.035087719298247,0.0,0.0,0.0,0.0,0.0,0.0,29.46,0,Elite All-Rounder
N Rana,2636,2015,234,132,101,130.81885856079404,41.43920595533499,93,28.344086021505376,253.0,185.0,24.0,10.0,8.205405405405406,18.5,24.62,0,Elite All-Rounder
N Saini,140,143,16,0,10,97.9020979020979,47.55244755244755,10,14.0,0.0,0.0,0.0,0.0,0.0,0.0,7.85,1,Key Bowler
N Wadhera,350,261,32,18,16,134.09961685823754,40.99616858237548,15,23.33333333333333,0.0,0.0,0.0,0.0,0.0,0.0,18.92,1,Key Bowler
NK Patel,121,124,14,1,6,97.58064516129032,49.193548387096776,4,30.25,0.0,0.0,0.0,0.0,0.0,0.0,17.8,1,Key Bowler
NLTC Perera,424,326,23,26,30,130.06134969325154,39.57055214723926,22,19.272727272727277,1031.0,715.0,36.0,37.0,8.651748251748252,19.324324324324323,22.23,1,Key Bowler
NM Coulter-Nile,82,75,7,4,16,109.33333333333331,52.0,11,7.454545454545454,1125.0,892.0,38.0,52.0,7.567264573991032,17.153846153846153,15.97,1,Key Bowler
NS Naik,31,53,2,0,4,58.490566037735846,58.490566037735846,4,7.75,0.0,0.0,0.0,0.0,0.0,0.0,2.08,1,Key Bowler
NV Ojha,1554,1360,121,79,94,114.26470588235291,47.647058823529406,75,20.72,0.0,0.0,0.0,0.0,0.0,0.0,14.13,1,Key Bowler
Naman Dhir,140,84,12,10,7,166.66666666666669,41.66666666666667,6,23.33333333333333,0.0,0.0,0.0,0.0,0.0,0.0,23.7,1,Key Bowler
Nithish Kumar Reddy,303,221,15,21,11,137.10407239819006,37.10407239819005,9,33.666666666666664,208.0,118.0,9.0,4.0,10.576271186440678,29.5,28.92,1,Key Bowler
OA Shah,506,405,34,23,22,124.93827160493828,36.79012345679013,15,33.733333333333334,0.0,0.0,0.0,0.0,0.0,0.0,25.75,1,Key Bowler
P Dogra,127,141,4,5,12,90.0709219858156,44.680851063829785,11,11.545454545454543,0.0,0.0,0.0,0.0,0.0,0.0,5.77,1,Key Bowler
P Kumar,340,323,22,17,57,105.26315789473684,48.91640866873065,38,8.947368421052632,3342.0,2637.0,119.0,102.0,7.604095563139932,25.852941176470587,27.82,1,Key Bowler
P Negi,365,301,27,16,35,121.2624584717608,41.19601328903654,26,14.038461538461538,954.0,733.0,42.0,38.0,7.80900409276944,19.289473684210527,18.16,1,Key Bowler
P Simran Singh,756,528,78,41,34,143.1818181818182,45.64393939393939,34,22.235294117647054,0.0,0.0,0.0,0.0,0.0,0.0,19.26,1,Key Bowler
PA Patel,2848,2442,365,49,136,116.62571662571663,44.26699426699427,126,22.603174603174605,0.0,0.0,0.0,0.0,0.0,0.0,15.82,0,Elite All-Rounder
PA Reddy,164,167,15,2,10,98.20359281437123,43.11377245508982,10,16.4,0.0,0.0,0.0,0.0,0.0,0.0,9.36,1,Key Bowler
PBB Rajapaksa,277,201,22,15,13,137.81094527363186,39.800995024875625,13,21.307692307692307,0.0,0.0,0.0,0.0,0.0,0.0,17.71,1,Key Bowler
PC Valthaty,505,432,61,20,23,116.89814814814814,53.24074074074075,22,22.954545454545453,207.0,153.0,10.0,7.0,8.117647058823529,21.857142857142858,17.57,1,Key Bowler
PD Collingwood,203,159,9,13,7,127.67295597484276,37.735849056603776,5,40.6,101.0,90.0,6.0,5.0,6.733333333333333,18.0,33.11,1,Key Bowler
PD Salt,653,385,74,34,21,169.6103896103896,37.4025974025974,19,34.36842105263158,0.0,0.0,0.0,0.0,0.0,0.0,35.92,1,Key Bowler
PJ Cummins,515,359,33,34,39,143.4540389972145,41.78272980501393,26,19.807692307692307,1976.0,1370.0,58.0,66.0,8.654014598540146,20.75757575757576,30.0,1,Key Bowler
PK Garg,273,247,16,9,19,110.5263157894737,38.05668016194332,18,15.166666666666666,0.0,0.0,0.0,0.0,0.0,0.0,9.77,1,Key Bowler
PN Mankad,97,75,13,2,5,129.33333333333331,42.66666666666667,3,32.333333333333336,0.0,0.0,0.0,0.0,0.0,0.0,25.55,1,Key Bowler
PP Chawla,624,580,56,20,86,107.58620689655172,45.3448275862069,56,11.142857142857142,5179.0,3895.0,191.0,201.0,7.977920410783056,19.37810945273632,49.36,1,Key Bowler
PP Shaw,1892,1321,238,61,79,143.22482967448903,39.51551854655564,79,23.949367088607595,0.0,0.0,0.0,0.0,0.0,0.0,20.81,0,Elite All-Rounder
PR Shah,92,97,9,2,9,94.84536082474226,51.546391752577314,8,11.5,0.0,0.0,0.0,0.0,0.0,0.0,6.09,1,Key Bowler
PWH de Silva,72,80,7,1,14,90.0,50.0,10,7.2,758.0,557.0,26.0,36.0,8.165170556552964,15.47222222222222,10.75,1,Key Bowler
Q de Kock,3160,2410,316,123,107,131.12033195020746,40.08298755186722,102,30.980392156862745,0.0,0.0,0.0,0.0,0.0,0.0,24.79,0,Elite All-Rounder
R Ashwin,800,698,61,28,89,114.61318051575932,38.25214899713467,60,13.333333333333334,5435.0,4679.0,208.0,198.0,6.969437914084206,23.63131313131313,56.86,1,Key Bowler
R Bhatia,342,290,24,13,47,117.9310344827586,37.93103448275862,30,11.4,2059.0,1661.0,91.0,82.0,7.437688139674895,20.25609756097561,26.32,1,Key Bowler
R Dhawan,210,188,18,7,22,111.70212765957446,45.21276595744681,11,19.09090909090909,922.0,693.0,36.0,27.0,7.982683982683983,25.666666666666668,18.36,1,Key Bowler
R Dravid,2174,1918,269,28,82,113.34723670490096,42.700729927007295,77,28.233766233766232,0.0,0.0,0.0,0.0,0.0,0.0,19.37,0,Elite All-Rounder
R McLaren,159,178,14,1,13,89.32584269662921,42.69662921348314,8,19.875,558.0,372.0,18.0,14.0,9.0,26.571428571428573,13.03,1,Key Bowler
R Parag,1173,909,84,60,58,129.04290429042905,37.843784378437846,48,24.4375,307.0,181.0,21.0,5.0,10.176795580110497,36.2,19.9,1,Key Bowler
R Powell,360,254,21,28,22,141.73228346456693,43.7007874015748,19,18.94736842105263,0.0,0.0,0.0,0.0,0.0,0.0,16.13,1,Key Bowler
R Rampaul,51,52,3,2,7,98.07692307692308,50.0,5,10.2,319.0,278.0,12.0,17.0,6.884892086330935,16.352941176470587,9.69,1,Key Bowler
R Ravindra,222,146,22,12,10,152.05479452054794,38.35616438356164,10,22.2,0.0,0.0,0.0,0.0,0.0,0.0,20.47,1,Key Bowler
R Sathish,270,236,22,6,24,114.40677966101696,38.983050847457626,17,15.882352941176473,233.0,144.0,14.0,6.0,9.708333333333334,24.0,11.71,1,Key Bowler
R Sharma,66,77,5,3,19,85.71428571428571,62.33766233766234,14,4.714285714285714,1100.0,935.0,44.0,42.0,7.0588235294117645,22.261904761904763,11.82,1,Key Bowler
R Shepherd,115,68,7,10,9,169.11764705882354,42.64705882352941,5,23.0,260.0,133.0,8.0,6.0,11.729323308270676,22.166666666666668,24.57,1,Key Bowler
R Tewatia,1013,788,84,47,65,128.55329949238578,39.34010152284264,40,25.325,1117.0,866.0,52.0,36.0,7.739030023094688,24.05555555555556,27.58,1,Key Bowler
R Vinay Kumar,310,289,21,9,42,107.26643598615917,40.830449826989614,28,11.071428571428571,3041.0,2186.0,104.0,127.0,8.346752058554438,17.212598425196852,32.42,1,Key Bowler
RA Jadeja,2959,2378,215,107,180,124.4322960470984,34.65096719932716,108,27.39814814814815,4917.0,3895.0,211.0,169.0,7.574326059050064,23.047337278106507,58.4,0,Elite All-Rounder
RA Tripathi,2236,1650,223,84,93,135.51515151515153,37.696969696969695,83,26.93975903614458,0.0,0.0,0.0,0.0,0.0,0.0,22.2,0,Elite All-Rounder
RD Chahar,129,127,13,5,22,101.5748031496063,55.11811023622048,16,8.0625,2165.0,1697.0,77.0,76.0,7.65468473777254,22.32894736842105,21.16,1,Key Bowler
RD Gaikwad,2380,1781,217,91,65,133.63279056709715,35.82257158899495,57,41.75438596491228,0.0,0.0,0.0,0.0,0.0,0.0,34.35,0,Elite All-Rounder
RE Levi,83,74,10,4,6,112.16216216216218,55.4054054054054,6,13.833333333333334,0.0,0.0,0.0,0.0,0.0,0.0,8.99,1,Key Bowler
RE van der Merwe,159,144,11,8,15,110.41666666666669,45.83333333333333,11,14.454545454545457,515.0,455.0,21.0,25.0,6.791208791208792,18.2,15.49,1,Key Bowler
RG Sharma,6630,5183,599,281,251,127.91819409608335,39.28226895620297,223,29.730941704035875,462.0,349.0,32.0,16.0,7.94269340974212,21.8125,26.57,0,Elite All-Rounder
RJ Harris,117,112,6,3,21,104.46428571428572,41.07142857142857,12,9.75,1085.0,865.0,37.0,47.0,7.526011560693642,18.404255319148938,16.19,1,Key Bowler
RJ Quiney,103,105,12,3,7,98.09523809523807,54.285714285714285,7,14.714285714285714,0.0,0.0,0.0,0.0,0.0,0.0,8.31,1,Key Bowler
RK Singh,893,654,67,46,40,136.54434250764527,36.23853211009174,29,30.79310344827586,0.0,0.0,0.0,0.0,0.0,0.0,25.69,1,Key Bowler
RM Patidar,799,534,51,54,24,149.625468164794,35.580524344569284,23,34.73913043478261,0.0,0.0,0.0,0.0,0.0,0.0,31.94,1,Key Bowler
RN ten Doeschate,326,238,26,15,21,136.9747899159664,33.61344537815126,14,23.285714285714285,94.0,83.0,10.0,3.0,6.795180722891566,27.666666666666668,20.05,1,Key Bowler
RP Singh,52,78,2,1,28,66.66666666666666,52.56410256410257,15,3.466666666666667,2417.0,1874.0,82.0,100.0,7.738527214514408,18.74,22.52,1,Key Bowler
RR Pant,3297,2296,298,154,110,143.59756097560975,35.36585365853659,93,35.45161290322581,0.0,0.0,0.0,0.0,0.0,0.0,31.27,0,Elite All-Rounder
RR Powar,67,64,6,1,9,104.6875,42.1875,3,22.33333333333333,538.0,443.0,26.0,15.0,7.286681715575622,29.53333333333333,17.42,1,Key Bowler
RR Rossouw,473,321,45,25,22,147.35202492211835,40.18691588785047,20,23.65,0.0,0.0,0.0,0.0,0.0,0.0,21.16,1,Key Bowler
RR Sarwan,73,78,6,1,4,93.5897435897436,43.58974358974359,4,18.25,0.0,0.0,0.0,0.0,0.0,0.0,9.97,1,Key Bowler
RS Bopara,531,468,39,16,22,113.46153846153844,37.39316239316239,18,29.5,301.0,213.0,14.0,13.0,8.47887323943662,16.384615384615383,22.88,1,Key Bowler
RT Ponting,91,129,5,2,9,70.54263565891473,53.48837209302325,9,10.11111111111111,0.0,0.0,0.0,0.0,0.0,0.0,3.71,1,Key Bowler
RV Gomez,50,53,5,1,9,94.33962264150944,50.943396226415096,5,10.0,130.0,97.0,9.0,6.0,8.041237113402062,16.166666666666668,6.42,1,Key Bowler
RV Patel,80,76,6,2,7,105.26315789473684,38.15789473684211,5,16.0,0.0,0.0,0.0,0.0,0.0,0.0,9.82,1,Key Bowler
RV Uthappa,4954,3927,481,182,197,126.15227909345556,40.69264069264069,180,27.522222222222226,0.0,0.0,0.0,0.0,0.0,0.0,21.08,0,Elite All-Rounder
Rahmanullah Gurbaz,289,228,24,19,13,126.75438596491227,52.19298245614035,13,22.23076923076923,0.0,0.0,0.0,0.0,0.0,0.0,16.96,1,Key Bowler
Ramandeep Singh,170,106,8,13,13,160.37735849056605,34.90566037735849,6,28.33333333333333,0.0,0.0,0.0,0.0,0.0,0.0,27.83,1,Key Bowler
Rashid Khan,545,355,39,38,58,153.52112676056336,41.971830985915496,37,14.72972972972973,3340.0,2901.0,121.0,157.0,6.907962771458118,18.477707006369428,51.87,1,Key Bowler
Ravi Bishnoi,32,52,2,0,14,61.53846153846154,57.692307692307686,8,4.0,1861.0,1460.0,65.0,68.0,7.647945205479452,21.47058823529412,15.8,1,Key Bowler
S Anirudha,136,121,9,7,12,112.39669421487604,44.62809917355372,8,17.0,0.0,0.0,0.0,0.0,0.0,0.0,11.25,1,Key Bowler
S Aravind,59,59,7,0,10,100.0,44.06779661016949,4,14.75,1057.0,788.0,38.0,48.0,8.048223350253807,16.416666666666668,18.59,1,Key Bowler
S Badrinath,1441,1245,154,28,65,115.7429718875502,39.598393574297184,47,30.659574468085108,0.0,0.0,0.0,0.0,0.0,0.0,21.56,1,Key Bowler
S Dhawan,6769,5483,768,153,221,123.45431333211744,38.9567754878716,193,35.07253886010363,0.0,0.0,0.0,0.0,0.0,0.0,26.48,0,Elite All-Rounder
S Dube,1502,1077,86,101,61,139.46146703806872,37.511606313834726,50,30.04,190.0,117.0,14.0,6.0,9.743589743589745,19.5,26.63,1,Key Bowler
S Gopal,180,173,19,2,22,104.04624277456648,41.04046242774567,14,12.857142857142858,1358.0,1000.0,51.0,53.0,8.148,18.867924528301888,18.64,1,Key Bowler
S Nadeem,39,88,2,0,20,44.31818181818182,65.9090909090909,14,2.7857142857142856,1800.0,1444.0,70.0,54.0,7.4792243767313025,26.74074074074074,12.2,1,Key Bowler
S Rana,91,82,9,1,8,110.97560975609755,40.2439024390244,4,22.75,0.0,0.0,0.0,0.0,0.0,0.0,15.12,1,Key Bowler
S Sohal,368,311,34,18,20,118.32797427652731,50.80385852090033,20,18.4,0.0,0.0,0.0,0.0,0.0,0.0,12.93,1,Key Bowler
S Sreesanth,34,57,6,0,12,59.64912280701754,75.43859649122807,4,8.5,1221.0,947.0,44.0,43.0,7.736008447729672,22.023255813953487,11.81,1,Key Bowler
S Vidyut,145,115,21,3,8,126.08695652173914,47.82608695652174,8,18.125,0.0,0.0,0.0,0.0,0.0,0.0,13.61,1,Key Bowler
SA Asnodkar,423,352,56,10,19,120.17045454545456,46.590909090909086,20,21.15,0.0,0.0,0.0,0.0,0.0,0.0,15.22,1,Key Bowler
SA Yadav,3594,2522,385,130,135,142.50594766058683,35.68596352101507,113,31.805309734513276,0.0,0.0,0.0,0.0,0.0,0.0,27.75,0,Elite All-Rounder
SB Bangar,49,58,1,3,7,84.48275862068965,48.27586206896552,7,7.0,221.0,153.0,9.0,6.0,8.666666666666666,25.5,4.12,1,Key Bowler
SB Styris,131,134,10,3,10,97.76119402985076,39.55223880597015,7,18.714285714285715,278.0,222.0,11.0,9.0,7.513513513513513,24.666666666666668,12.76,1,Key Bowler
SC Ganguly,1349,1326,137,42,56,101.73453996983407,49.92458521870287,53,25.452830188679247,370.0,280.0,20.0,12.0,7.928571428571429,23.33333333333333,18.08,1,Key Bowler
SD Chitnis,99,92,10,2,8,107.6086956521739,41.30434782608695,7,14.142857142857142,0.0,0.0,0.0,0.0,0.0,0.0,8.8,1,Key Bowler
SD Hope,183,125,12,12,9,146.4,38.4,8,22.875,0.0,0.0,0.0,0.0,0.0,0.0,20.3,1,Key Bowler
SE Marsh,2489,1913,269,78,69,130.10977522216413,38.47360167276529,63,39.507936507936506,0.0,0.0,0.0,0.0,0.0,0.0,31.58,0,Elite All-Rounder
SE Rutherford,106,107,3,8,9,99.06542056074768,50.467289719626166,7,15.142857142857142,0.0,0.0,0.0,0.0,0.0,0.0,8.67,1,Key Bowler
SK Raina,5536,4177,506,204,200,132.53531242518554,35.336365812784294,171,32.37426900584796,1139.0,930.0,69.0,30.0,7.348387096774194,31.0,33.13,0,Elite All-Rounder
SK Trivedi,42,61,3,1,14,68.85245901639344,60.65573770491803,7,6.0,1944.0,1557.0,75.0,73.0,7.491329479768786,21.328767123287676,18.29,1,Key Bowler
SK Warne,198,219,14,6,27,90.41095890410958,47.94520547945205,20,9.9,1465.0,1223.0,54.0,60.0,7.187244480784955,20.383333333333333,18.97,1,Key Bowler
SL Malinga,88,103,6,5,20,85.43689320388349,57.28155339805825,16,5.5,3486.0,2974.0,122.0,188.0,7.032952252858103,15.819148936170214,47.36,1,Key Bowler
SM Curran,883,673,74,37,48,131.2035661218425,37.295690936106986,35,25.228571428571428,1924.0,1234.0,58.0,62.0,9.354943273905995,19.90322580645161,31.26,1,Key Bowler
SM Katich,241,191,26,8,11,126.1780104712042,44.50261780104712,10,24.1,0.0,0.0,0.0,0.0,0.0,0.0,18.36,1,Key Bowler
SM Pollock,147,116,12,8,8,126.72413793103448,40.51724137931034,8,18.375,307.0,280.0,13.0,13.0,6.578571428571429,21.53846153846154,17.22,1,Key Bowler
SN Khan,585,456,63,14,36,128.28947368421052,35.30701754385965,26,22.5,0.0,0.0,0.0,0.0,0.0,0.0,17.39,1,Key Bowler
SN Thakur,307,228,27,13,35,134.64912280701756,36.84210526315789,25,12.28,2908.0,1979.0,92.0,100.0,8.816574027286508,19.79,28.8,1,Key Bowler
SO Hetmyer,1243,854,76,82,65,145.5503512880562,36.885245901639344,40,31.075,0.0,0.0,0.0,0.0,0.0,0.0,27.69,1,Key Bowler
SP Fleming,196,171,27,3,10,114.61988304093566,50.29239766081871,9,21.77777777777778,0.0,0.0,0.0,0.0,0.0,0.0,14.94,1,Key Bowler
SP Goswami,293,307,32,3,21,95.43973941368078,46.90553745928339,20,14.65,0.0,0.0,0.0,0.0,0.0,0.0,8.02,1,Key Bowler
SP Jackson,61,57,5,1,8,107.01754385964912,35.08771929824561,6,10.166666666666666,0.0,0.0,0.0,0.0,0.0,0.0,6.07,1,Key Bowler
SP Narine,1534,984,164,97,106,155.8943089430894,47.76422764227642,90,17.044444444444444,4672.0,4146.0,175.0,200.0,6.761215629522432,20.73,65.95,0,Elite All-Rounder
SPD Smith,2495,1999,226,60,93,124.81240620310156,33.01650825412706,72,34.65277777777778,0.0,0.0,0.0,0.0,0.0,0.0,26.45,0,Elite All-Rounder
SR Tendulkar,2334,2044,296,29,78,114.18786692759296,42.759295499021526,69,33.82608695652174,0.0,0.0,0.0,0.0,0.0,0.0,23.54,0,Elite All-Rounder
SR Watson,3880,2892,377,190,141,134.1632088520055,43.15352697095436,126,30.793650793650794,2742.0,2137.0,105.0,107.0,7.698642957416939,19.97196261682243,48.72,0,Elite All-Rounder
SS Iyer,3131,2545,272,113,114,123.02554027504912,37.64243614931237,98,31.948979591836736,0.0,0.0,0.0,0.0,0.0,0.0,23.96,0,Elite All-Rounder
SS Prabhudessai,126,113,11,4,10,111.50442477876106,49.55752212389381,10,12.6,0.0,0.0,0.0,0.0,0.0,0.0,8.07,1,Key Bowler
SS Tiwary,1494,1291,111,50,73,115.72424477149497,37.10302091402014,52,28.73076923076923,0.0,0.0,0.0,0.0,0.0,0.0,20.15,1,Key Bowler
ST Jayasuriya,768,573,84,39,30,134.03141361256544,50.95986038394416,28,27.428571428571427,396.0,301.0,21.0,16.0,7.893687707641196,18.8125,25.79,1,Key Bowler
STR Binny,880,700,66,35,66,125.71428571428572,38.285714285714285,46,19.130434782608692,763.0,611.0,63.0,28.0,7.4926350245499185,21.821428571428573,20.68,1,Key Bowler
SV Samson,4419,3270,352,206,162,135.1376146788991,36.20795107033639,144,30.6875,0.0,0.0,0.0,0.0,0.0,0.0,25.33,0,Elite All-Rounder
SW Billings,503,399,40,20,27,126.06516290726816,38.095238095238095,26,19.346153846153847,0.0,0.0,0.0,0.0,0.0,0.0,14.57,1,Key Bowler
Sachin Baby,144,123,11,5,11,117.07317073170732,40.65040650406504,9,16.0,0.0,0.0,0.0,0.0,0.0,0.0,11.01,1,Key Bowler
Salman Butt,193,172,30,2,7,112.2093023255814,50.0,7,27.571428571428573,0.0,0.0,0.0,0.0,0.0,0.0,18.7,1,Key Bowler
Sandeep Sharma,54,73,4,0,25,73.97260273972603,45.20547945205479,6,9.0,3758.0,2925.0,126.0,153.0,7.708717948717949,19.11764705882353,36.96,1,Key Bowler
Shahbaz Ahmed,536,467,28,25,37,114.77516059957172,38.97216274089936,28,19.142857142857142,850.0,549.0,42.0,21.0,9.289617486338798,26.142857142857142,16.87,1,Key Bowler
Shakib Al Hasan,795,665,73,21,52,119.54887218045114,35.93984962406015,41,19.390243902439025,1864.0,1515.0,70.0,71.0,7.3821782178217825,21.338028169014084,30.07,1,Key Bowler
Shashank Singh,423,272,33,25,19,155.51470588235296,32.72058823529412,12,35.25,0.0,0.0,0.0,0.0,0.0,0.0,33.73,1,Key Bowler
Shivam Mavi,51,58,4,2,11,87.93103448275862,55.172413793103445,9,5.666666666666667,958.0,687.0,32.0,33.0,8.366812227074236,20.818181818181817,9.03,1,Key Bowler
Shubman Gill,3216,2432,310,95,99,132.23684210526315,33.84046052631579,85,37.83529411764706,0.0,0.0,0.0,0.0,0.0,0.0,30.72,0,Elite All-Rounder
Sikandar Raza,182,143,12,8,9,127.27272727272728,41.25874125874126,7,26.0,146.0,88.0,7.0,3.0,9.954545454545457,29.33333333333333,20.56,1,Key Bowler
T Kohler-Cadmore,48,54,7,1,3,88.88888888888889,61.11111111111112,3,16.0,0.0,0.0,0.0,0.0,0.0,0.0,8.18,1,Key Bowler
T Stubbs,405,239,26,26,17,169.4560669456067,26.778242677824267,11,36.81818181818182,0.0,0.0,0.0,0.0,0.0,0.0,38.5,1,Key Bowler
TA Boult,83,82,5,3,22,101.21951219512196,46.34146341463415,8,10.375,3286.0,2428.0,103.0,128.0,8.120263591433279,18.96875,32.48,1,Key Bowler
TG Southee,120,108,8,4,19,111.11111111111111,43.51851851851852,13,9.23076923076923,1774.0,1262.0,54.0,57.0,8.434231378763867,22.140350877192983,17.1,1,Key Bowler
TH David,659,417,38,46,35,158.0335731414868,33.57314148681056,23,28.65217391304348,0.0,0.0,0.0,0.0,0.0,0.0,27.73,1,Key Bowler
TK Curran,127,108,10,3,10,117.59259259259258,34.25925925925926,5,25.4,432.0,252.0,13.0,13.0,10.285714285714286,19.384615384615383,20.16,1,Key Bowler
TL Suman,676,587,55,26,39,115.1618398637138,43.4412265758092,32,21.125,198.0,152.0,11.0,7.0,7.815789473684211,21.714285714285715,16.05,1,Key Bowler
TM Dilshan,1153,1047,140,24,50,110.12416427889208,46.99140401146132,43,26.813953488372093,368.0,275.0,25.0,5.0,8.02909090909091,55.0,18.86,1,Key Bowler
TM Head,772,458,76,40,25,168.5589519650655,31.877729257641924,21,36.76190476190476,0.0,0.0,0.0,0.0,0.0,0.0,38.23,1,Key Bowler
TR Birt,75,59,9,2,5,127.1186440677966,45.76271186440678,5,15.0,0.0,0.0,0.0,0.0,0.0,0.0,11.23,1,Key Bowler
Tilak Varma,1156,830,90,58,38,139.27710843373492,34.81927710843373,29,39.86206896551724,0.0,0.0,0.0,0.0,0.0,0.0,34.17,1,Key Bowler
UBT Chand,300,314,32,9,20,95.54140127388536,54.14012738853503,20,15.0,0.0,0.0,0.0,0.0,0.0,0.0,8.24,1,Key Bowler
UT Khawaja,127,105,14,3,6,120.95238095238096,40.95238095238095,6,21.166666666666668,0.0,0.0,0.0,0.0,0.0,0.0,15.34,1,Key Bowler
UT Yadav,208,211,16,9,48,98.5781990521327,50.23696682464455,21,9.904761904761903,4442.0,3190.0,147.0,163.0,8.354858934169279,19.570552147239265,38.35,1,Key Bowler
V Kohli,8014,6236,708,273,244,128.51186658114176,35.24695317511225,207,38.71497584541063,371.0,264.0,26.0,5.0,8.431818181818182,52.8,31.54,0,Elite All-Rounder
V Sehwag,2728,1833,334,106,104,148.82705946535734,40.207310420076375,99,27.55555555555556,236.0,138.0,15.0,6.0,10.26086956521739,23.0,26.03,0,Elite All-Rounder
V Shankar,1115,890,80,45,58,125.2808988764045,35.056179775280896,44,25.34090909090909,344.0,258.0,22.0,12.0,8.0,21.5,21.74,1,Key Bowler
VR Aaron,50,73,2,2,12,68.4931506849315,58.9041095890411,5,10.0,1527.0,1065.0,50.0,46.0,8.60281690140845,23.15217391304348,12.57,1,Key Bowler
VR Iyer,1326,1000,121,61,49,132.6,40.5,42,31.571428571428573,145.0,84.0,9.0,3.0,10.357142857142858,28.0,26.06,1,Key Bowler
VVS Laxman,282,271,33,5,20,104.0590405904059,45.38745387453875,19,14.842105263157896,0.0,0.0,0.0,0.0,0.0,0.0,8.94,1,Key Bowler
Vishnu Vinod,56,58,3,3,6,96.55172413793105,46.55172413793103,6,9.333333333333334,0.0,0.0,0.0,0.0,0.0,0.0,4.9,1,Key Bowler
W Jaffer,130,129,14,3,8,100.7751937984496,49.6124031007752,8,16.25,0.0,0.0,0.0,0.0,0.0,0.0,9.53,1,Key Bowler
WA Mota,56,76,2,0,8,73.68421052631578,39.47368421052632,6,9.333333333333334,98.0,75.0,7.0,4.0,7.84,18.75,4.41,1,Key Bowler
WD Parnell,65,86,4,1,13,75.5813953488372,50.0,10,6.5,968.0,758.0,33.0,40.0,7.662269129287599,18.95,11.14,1,Key Bowler
WG Jacks,230,133,16,18,8,172.93233082706766,36.09022556390977,7,32.857142857142854,0.0,0.0,0.0,0.0,0.0,0.0,34.99,1,Key Bowler
WP Saha,2934,2368,296,87,143,123.90202702702702,39.4847972972973,121,24.24793388429752,0.0,0.0,0.0,0.0,0.0,0.0,18.13,0,Elite All-Rounder
WPUJC Vaas,81,73,2,3,11,110.95890410958904,32.87671232876712,8,10.125,364.0,288.0,13.0,22.0,7.583333333333333,13.090909090909092,11.2,1,Key Bowler
Washington Sundar,378,341,32,9,38,110.85043988269794,39.589442815249264,28,13.5,1335.0,1064.0,58.0,39.0,7.5281954887218046,27.28205128205128,17.4,1,Key Bowler
Y Nagar,285,271,20,9,20,105.1660516605166,41.69741697416974,14,20.357142857142858,125.0,72.0,8.0,4.0,10.416666666666666,18.0,13.35,1,Key Bowler
Y Venugopal Rao,985,865,77,37,52,113.8728323699422,41.04046242774567,44,22.38636363636364,338.0,222.0,20.0,7.0,9.135135135135137,31.714285714285715,16.56,1,Key Bowler
YBK Jaiswal,1607,1095,199,64,52,146.7579908675799,41.917808219178085,50,32.14,0.0,0.0,0.0,0.0,0.0,0.0,28.91,0,Elite All-Rounder
YK Pathan,3222,2334,263,161,153,138.04627249357327,37.36075407026564,110,29.29090909090909,1443.0,1184.0,82.0,46.0,7.3125,25.73913043478261,35.31,0,Elite All-Rounder
YS Chahal,37,89,0,0,17,41.57303370786517,64.04494382022472,7,5.285714285714286,4681.0,3628.0,159.0,213.0,7.741455347298787,17.03286384976526,47.11,1,Key Bowler
YV Takawale,192,183,26,3,10,104.91803278688523,54.644808743169406,8,24.0,0.0,0.0,0.0,0.0,0.0,0.0,15.07,1,Key Bowler
Yashpal Singh,47,67,5,0,4,70.1492537313433,58.2089552238806,4,11.75,0.0,0.0,0.0,0.0,0.0,0.0,4.41,1,Key Bowler
Yuvraj Singh,2754,2207,218,149,126,124.78477571363842,44.26823742637064,111,24.81081081081081,1091.0,882.0,73.0,39.0,7.421768707482993,22.615384615384617,27.59,0,Elite All-Rounder
Z Khan,117,141,11,2,27,82.97872340425532,52.4822695035461,14,8.357142857142858,2860.0,2276.0,99.0,119.0,7.539543057996485,19.126050420168067,30.27,1,Key Bowler
